Date,Close,High,Low,Open,Volume
,INFY.NS,INFY.NS,INFY.NS,INFY.NS,INFY.NS
2016-01-11,435.06121826171875,444.259362409391,393.44050935871553,403.15394003899604,63940748
2016-01-18,433.6681823730469,443.5342434746892,426.3211086562758,435.06127320100177,38254064
2016-01-25,444.6029052734375,446.549393310874,429.2026855144555,435.19482540403766,29571930
2016-02-01,448.3432312011719,456.0719711426068,439.9656774068698,446.54941883846254,26663364
2016-02-08,413.97418212890625,447.38902425237376,407.2377655365461,444.1639640516921,30289144
2016-02-15,430.23309326171875,432.88565390992784,409.794855824025,418.40144465571893,22546614
2016-02-22,427.90496826171875,436.53061302399783,420.2525441252357,431.6643701247139,20029848
2016-02-29,446.7974853515625,455.2704551987941,407.7339644325078,431.09191404765295,31863112
2016-03-07,436.2443542480469,454.37349407900246,434.41233832382596,446.7974312781916,42363092
2016-03-14,455.48040771484375,457.6177289071475,430.88199558391034,437.38942229156885,31435414
2016-03-21,460.9763488769531,462.08314333007354,447.3126834263532,453.41934122056966,18569518
2016-03-28,460.0794372558594,472.1210228033368,454.77431509628155,470.36536784900926,47047432
2016-04-04,444.92718505859375,476.3192167730002,443.5150393500314,463.17084036269927,24152592
2016-04-11,447.5797424316406,456.0718117449823,439.3357653600779,444.94628405148717,24122202
2016-04-18,462.2930603027344,483.9144540303724,460.67097938939145,477.0826215714493,43673876
2016-04-25,461.0908508300781,474.16291602341676,458.41918787085564,462.59846002541644,32898664
2016-05-02,450.9385681152344,462.65570059314626,446.79749959656493,461.8160536770491,25152290
2016-05-09,460.7663269042969,464.3539969992054,450.59491761775524,451.1292593919063,21288266
2016-05-16,458.61004638671875,467.82729342550374,457.19790023738585,461.8923660293005,20535716
2016-05-23,476.1283874511719,480.70837995571225,449.44992179420586,459.2969243150048,24245602
2016-05-30,483.5328369140625,488.26550631748154,472.88434240389574,473.83850774369375,32960204
2016-06-06,450.5950012207031,487.3876236303149,446.58750705616256,482.76947300634083,37784318
2016-06-13,455.4168701171875,460.53282902270064,450.2043836851553,454.3743916838136,28756668
2016-06-20,461.2278137207031,469.0658200448261,447.88769163827334,455.9960032972421,25659522
2016-06-27,452.6754455566406,457.34736787455955,445.9957226392541,452.5403164616226,32037038
2016-07-04,447.19256591796875,461.24697880300755,445.37786784091105,454.14254565020667,20484262
2016-07-11,414.12237548828125,461.806969254962,406.1877946765032,450.74490629471865,87039124
2016-07-18,414.08367919921875,420.85992901948777,407.4040040181772,415.93702618003965,52614904
2016-07-25,414.624267578125,423.36966963317747,410.434982964038,410.434982964038,42506328
2016-08-01,412.3655700683594,420.029845815867,409.27668939369005,413.71695536352723,32979870
2016-08-08,410.2612609863281,422.7905135155628,409.276661485385,412.7516520074307,29900662
2016-08-15,394.334228515625,410.261293226232,393.2338241903516,410.261293226232,37148740
2016-08-22,393.9287414550781,410.06815887985056,389.6236053760533,393.05999392430243,35467238
2016-08-29,398.4076843261719,403.77462396847716,390.3572984290035,392.905615579769,26945952
2016-09-05,399.8169860839844,408.8905729241327,395.3767201834862,398.4076748716585,29786726
2016-09-12,409.33465576171875,411.014225367941,395.85940306104413,395.85940306104413,26006620
2016-09-19,402.5390930175781,412.7130844583931,401.55449343544984,403.8711539745005,23089498
2016-09-26,400.0293884277344,405.37700389249727,395.37674286423913,402.6163072477396,33737158
2016-10-03,390.9557189941406,405.95610829171466,390.00974467633716,399.8169491867173,21040760
2016-10-10,396.5929870605469,418.04137420968107,384.6621758924241,392.67396023347084,48653550
2016-10-17,400.8980712890625,405.6857980539728,392.80903771380946,399.6045649557666,25311938
2016-10-24,389.2754821777344,406.9148132923626,387.5778993770555,404.88552657583904,24382700
2016-10-31,378.9338073730469,392.90479159374536,375.0312964835201,389.2754612302927,22940648
2016-11-07,359.6358947753906,385.47052223953426,351.61623947134433,384.3973317195052,36947050
2016-11-14,359.0309753417969,373.4117173808627,354.5625959392252,359.6358597212289,33205424
2016-11-21,381.47039794921875,384.397280797934,353.9381913827775,361.72370452416675,51087504
2016-11-28,376.3971862792969,384.2802632700009,375.05081521931163,382.1728978005425,31056954
2016-12-05,386.0948791503906,393.43161818049725,373.8605178688313,376.9435107901443,25197712
2016-12-12,392.2608642578125,397.6463241463229,376.67032957660876,383.5387387360083,29985074
2016-12-19,385.74365234375,398.8365702126582,378.34839023598056,392.63156903496525,33470698
2016-12-26,394.38775634765625,394.9341174211106,380.53384214958373,385.5680909210052,27111352
2017-01-02,379.42156982421875,395.3047917562904,377.78251070889587,394.58281304813136,38787812
2017-01-09,380.8070068359375,405.8611314446961,375.69472711170044,379.42162023760176,77859106
2017-01-16,370.231201171875,376.76790670558967,369.17751850114075,376.5922889572947,41865650
2017-01-23,367.6750183105469,373.8604876230437,351.67472604275486,368.78722422106085,35387818
2017-01-30,365.31402587890625,371.3239020289544,352.9235541086285,365.8603869176509,67221750
2017-02-06,377.8802185058594,379.3241526573553,362.3677338678657,365.76292394866897,46475616
2017-02-13,390.29010009765625,395.6755841192171,375.75324719940477,379.65575804457296,47989638
2017-02-20,393.7048034667969,402.34887465652787,384.9436855326573,388.88521202253156,28415152
2017-02-27,402.42694091796875,403.636757515549,390.4072348546021,393.0999533248306,23901386
2017-03-06,398.7780456542969,404.2805762040572,389.86081824800993,398.0755984933327,24141012
2017-03-13,405.9783020019531,406.99294549333285,393.17804486092575,398.7781394958448,30463176
2017-03-20,402.5050354003906,407.4221902377128,396.1439227619459,400.61232689864534,22673382
2017-03-27,398.9341125488281,406.583023154213,393.37303541131695,400.8658360782113,45773840
2017-04-03,383.0509338378906,402.914699053195,382.05579837100703,402.79765231477944,23497454
2017-04-10,363.4798278808594,386.34852927819804,361.6261354424034,384.3582585034691,55853878
2017-04-17,360.4749450683594,364.80672274154637,356.1626751863236,362.93352222933134,30059120
2017-04-24,358.62127685546875,365.0994360168153,355.2065795043593,358.0554079591915,32205132
2017-05-01,363.51885986328125,366.6994155077879,357.11873299615297,358.6212138581303,17603168
2017-05-08,376.2995910644531,376.98253043117626,363.7139941634123,366.0555005636059,27930250
2017-05-15,373.8410339355469,380.06554354333264,367.94822822443393,376.0069227067917,28658084
2017-05-22,388.572998046875,390.251072896523,370.58240929492416,374.0166377916417,30605838
2017-05-29,378.3288879394531,390.25105283990547,374.0751419358846,386.6997777866759,27215816
2017-06-05,375.86639404296875,391.83459394032434,365.72284485604104,384.3457849516358,45879444
2017-06-12,372.5578918457031,383.53354529101216,370.87390243826445,373.7862038574766,37444092
2017-06-19,373.7466125488281,383.83074279182233,367.7040619616353,372.4390490618686,31644380
2017-06-26,370.6955871582031,375.62869030120004,364.93040481793804,373.7465845217373,32940624
2017-07-03,370.6361389160156,384.3457829432256,369.7049774056244,372.89464633446147,24089484
2017-07-10,385.1580810546875,398.94697739478096,372.4588248938046,373.7267746664394,46928632
2017-07-17,388.3477478027344,398.13470255249456,383.1373011247476,386.3269702474001,34639202
2017-07-24,395.1827697753906,397.81772754483285,381.29481509981997,389.69495521946527,43920094
2017-07-31,389.7940673828125,404.8311089232507,386.74306959162976,393.0233747938688,41094596
2017-08-07,391.3592529296875,395.0442141830327,378.4222386491357,389.6950698585884,31685642
2017-08-14,365.82196044921875,407.8226404466378,350.3490732681281,391.4780362023592,200183770
2017-08-21,361.423828125,366.11917803984375,340.76027393318793,366.11917803984375,243314488
2017-08-28,364.5143737792969,377.9862891486582,360.5718525329075,374.0239610988461,93687538
2017-09-04,350.388671875,364.9700345638948,349.51695484913597,364.9304209562276,42542144
2017-09-11,359.87841796875,361.85958184416285,346.1687736245446,352.8056726071777,69664690
2017-09-18,355.9359436035156,363.64267692432816,351.85475032285854,360.57187251554194,46085260
2017-09-25,356.56988525390625,359.9378638542309,352.29055192030785,357.00573163441413,45698414
2017-10-02,364.59368896484375,365.3267101086527,355.4803328558427,356.5699732601797,27124622
2017-10-09,368.53607177734375,372.43897888247943,362.1567341642934,364.53413066865426,34092256
2017-10-16,367.28802490234375,373.2513241293675,365.7030935896925,370.854120355809,19707138
2017-10-23,374.97491455078125,379.47217150850213,362.6520836861765,368.49651770351727,79851772
2017-10-30,367.16912841796875,378.2636466555351,363.3256654774143,378.2636466555351,36941672
2017-11-06,386.51800537109375,387.44205994767094,370.68847941075853,370.88936190661394,35192008
2017-11-13,390.0937194824219,400.11776082400365,378.96482442531436,386.5180012852777,41523614
2017-11-20,405.601806640625,409.51901496370317,384.5895043350348,389.3102425705393,47625296
2017-11-27,385.2123107910156,404.4568657830953,384.5092219795149,404.4568657830953,35824612
2017-12-04,402.5082702636719,404.5773698985824,389.1295001753559,393.7297144991169,48811226
2017-12-11,410.96539306640625,412.3715704458196,399.3342924094726,399.73605737501924,36229636
2017-12-18,417.574462890625,419.76411167138144,401.122204972061,406.5460327311808,39306774
2017-12-25,418.65924072265625,421.3711544911513,411.0055978030273,417.57444578911054,32814318
2018-01-01,406.5861511230469,419.6435126956744,404.1755612942541,416.911491272279,38363730
2018-01-08,433.2834167480469,436.27659523156444,409.82035697111655,411.7689318087872,59803386
2018-01-15,459.3980407714844,468.01592703031594,427.9197716598501,433.9060782894078,78643552
2018-01-22,472.234619140625,490.5752022996916,454.79800728579255,454.85828184812453,59207642
2018-01-29,459.3178405761719,480.6113857767292,449.39426460013647,468.67898478177324,51914952
2018-02-05,445.61773681640625,463.97838088219834,439.9930258412382,458.0121794065412,41944288
2018-02-12,453.2110900878906,458.67508502931594,438.0042435153093,447.8877031070533,32513642
2018-02-19,464.29974365234375,468.4580016974602,443.4481298229603,453.3516471289683,54741594
2018-02-26,466.3487548828125,477.8994994039246,452.2468122501017,462.43154587130493,35547902
2018-03-05,467.4134826660156,470.3865539317933,457.22874815899246,466.34879544362127,31475584
2018-03-12,470.82843017578125,480.9127222283274,469.70346851804874,472.47565692607606,44744058
2018-03-19,469.1007995605469,474.28357781810075,458.9562334106891,467.65445538354027,42594632
2018-03-26,454.7176513671875,468.81959320577363,452.48783597646434,468.81959320577363,25291132
2018-04-02,452.7891845703125,462.5520943253307,449.97682938664593,458.4138949376456,30664458
2018-04-09,470.6475524902344,476.4530857082236,444.1110057605801,451.98558933042176,63425918
2018-04-16,473.4599304199219,479.58684648599984,442.7450167093749,442.7450167093749,78371638
2018-04-23,476.1718444824219,487.90341156610793,460.101244951546,469.26150630157633,60916486
2018-04-30,471.31048583984375,485.3119855131439,464.0385495474262,474.7656548416115,27162318
2018-05-07,474.38409423828125,478.1004210404867,466.4693421796674,474.5849767681302,20635588
2018-05-14,475.36834716796875,485.3321391791452,470.0650685758277,475.8303867449432,32908330
2018-05-21,493.48797607421875,501.66388413076015,470.0650566265901,473.90193204811084,42292574
2018-05-28,490.47467041015625,500.69956876673996,484.3678137460952,494.57265328132945,40170490
2018-06-04,506.24395751953125,507.0273795741853,486.9391315720385,490.59518289971436,26155306
2018-06-11,514.7613525390625,518.879443359375,495.81812495691025,508.4536623146476,46334646
2018-06-18,513.6311645507812,531.4951750628303,508.75356157030643,528.5109814371144,31274256
2018-06-25,538.0604248046875,541.2710258930641,516.162636098785,517.459226932388,40130242
2018-07-02,528.6138305664062,558.9291286211674,521.9662726382314,540.8593135014661,46218576
2018-07-09,542.2589111328125,552.4257309136544,526.4735645275172,533.8619968919976,57287716
2018-07-16,554.8953857421875,569.8369553302945,530.0339545033719,542.2588887788374,70249988
2018-07-23,565.3297729492188,573.7061364837518,550.0177916631337,556.562447465276,34640320
2018-07-30,561.4811401367188,565.1445049521209,549.7296221294622,563.909666266865,28940804
2018-08-06,570.2691650390625,571.9156169070833,554.6484730395047,562.2839136757405,28711860
2018-08-13,588.7506103515625,591.7554051755665,567.49079008555,572.1420368140548,29148248
2018-08-20,567.3260498046875,579.5303314399355,565.3502878921452,571.318674622714,39233540
2018-08-27,593.1754760742188,598.6087977467596,568.6022004112405,569.2607711530169,41540162
2018-09-03,603.260009765625,616.1846681650599,588.6065968443792,596.4272439353184,47114694
2018-09-10,604.0008544921875,614.9497489422833,600.1728339486758,607.3349093469471,25126563
2018-09-17,580.6212768554688,609.1872285685729,569.6723813100708,605.0710986458122,32357053
2018-09-24,600.99609375,605.8942981935081,581.6091327088499,581.6091327088499,46922407
2018-10-01,596.509521484375,621.4533087275398,578.3162475321866,607.1291566619041,30761477
2018-10-08,558.8057861328125,599.8847827035246,544.5639867035432,596.8799877730829,42797887
2018-10-15,562.7162475585938,594.2046490705477,558.1473522903208,566.8735297352073,48592837
2018-10-22,521.595947265625,572.1831924702508,518.5500514154145,566.9557277314813,36507315
2018-10-29,551.118408203125,576.6666782814272,525.5285387395597,527.3593688272404,40393163
2018-11-05,548.8297729492188,565.0574917854732,545.5010101110128,552.1585357874249,23228050
2018-11-12,541.63134765625,562.8938626728662,533.0181934193249,554.2390582627172,32676089
2018-11-19,516.5823974609375,550.9102651939438,509.3839273040111,548.4136929951796,32395821
2018-11-26,555.4456176757812,561.6454477100086,499.18950349615926,516.7903547354621,68925793
2018-12-03,568.2198486328125,572.7552984961555,553.0323670526384,560.1892381634156,34859820
2018-12-10,587.5682373046875,593.9345165172389,549.7451595911128,557.4845737845328,36250362
2018-12-17,537.76171875,592.3950156791316,535.4731939919894,592.3950156791316,45602614
2018-12-24,546.7076416015625,552.1584800402176,530.3966748654123,546.7492409742621,34628877
2018-12-31,550.11962890625,563.393080170771,541.7561228820855,549.2458388666305,28449923
2019-01-07,568.8023681640625,574.0451596432803,550.4941719685843,553.4068395451376,56652573
2019-01-14,608.289794921875,614.9889198167818,579.1631207762899,588.3588177408184,61449107
2019-01-21,607.79052734375,624.9752875927186,600.009563720839,614.3232555659623,35037791
2019-01-28,633.4732666015625,638.0336484673246,599.5424381991319,611.6755370880187,40570356
2019-02-04,636.6950073242188,646.1922770797073,625.0639442907626,633.4316008408397,24397205
2019-02-11,620.8382568359375,643.2635650519422,613.0144677104078,641.7155690966001,28058012
2019-02-18,614.980712890625,625.6076432002739,603.5588452728177,621.1727459248966,30912453
2019-02-25,620.7963256835938,634.2682293881923,612.7633464887085,615.482834279621,33362263
2019-03-04,596.0698852539062,621.2983855821478,594.647424757402,620.7963467095126,24048718
2019-03-11,601.2578125,605.6090031167811,590.4216895527802,596.8647938245415,54332303
2019-03-18,621.8004150390625,624.5199028809017,590.2125177992381,603.7681289483667,39337314
2019-03-25,622.427978515625,625.8587476084077,601.7180329972065,621.2147094338513,40640016
2019-04-01,635.35595703125,640.7949321229092,620.8799258478706,620.8799258478706,34730274
2019-04-08,625.69140625,646.8197352474089,619.2483016482487,638.4939082597498,33925898
2019-04-15,600.0025634765625,611.9682973577853,596.2789475820292,606.4038386139118,57900319
2019-04-22,617.5328979492188,619.039065534673,598.2872927285791,600.0026516751273,35157617
2019-04-29,605.4835815429688,630.7539134538396,600.9650778431677,617.533026886679,22619514
2019-05-06,599.8352661132812,611.089771136926,594.6473614083516,598.2872705274729,36602303
2019-05-13,605.7344970703125,616.6961034462813,588.7481184921932,599.5842407006843,38615427
2019-05-20,593.4340209960938,607.8263958262013,583.6020277266568,602.2200575347396,39905116
2019-05-27,617.3236694335938,621.6748596968862,590.3379854766525,591.9278601541212,67780713
2019-06-03,618.453369140625,628.3272430343325,610.0020579030497,610.6714600978484,30260746
2019-06-10,619.5830078125,635.1049972002714,617.7421135482218,619.2901092522105,29271547
2019-06-17,636.609130859375,642.2946665544721,624.4743632613319,630.499302228727,34233681
2019-06-24,621.1646728515625,638.0515473801133,617.8976389371836,638.0515473801133,30925059
2019-07-01,609.2845458984375,630.6689163638916,605.4659101650907,623.7105031133029,22221306
2019-07-08,616.7097778320312,619.9768126972011,599.5259140534297,607.9693537749629,33900675
2019-07-15,666.4793090820312,677.5957623620278,640.0034217218209,647.4709664148119,61090047
2019-07-22,667.8370361328125,682.2629949819329,663.6365259915609,666.9460313861392,38350192
2019-07-29,658.1630859375,678.6988714136047,646.8344869104138,669.9584485611961,43172896
2019-08-05,670.2554931640625,676.1107560740356,652.2655151087766,655.6173876826981,36809942
2019-08-12,657.2720336914062,670.2553843474342,645.0524308713165,670.2553843474342,18586155
2019-08-19,680.7355346679688,687.3120745749704,656.2538034218936,658.1631214594103,30361194
2019-08-26,691.5125122070312,693.5915057508909,662.8302739230613,675.3893838007207,43359449
2019-09-02,712.9393310546875,718.7521226634066,687.5665966800769,691.5125410933522,25879839
2019-09-09,703.7322387695312,713.066683168917,688.0758193954836,710.0966326782034,21590944
2019-09-16,683.1115112304688,711.0724213345775,680.5657540457589,706.0657448205565,42650759
2019-09-23,663.7637939453125,684.7238726427994,629.5657980670784,684.7238726427994,63841300
2019-09-30,673.3104248046875,685.6573380456828,665.4185870893604,666.2247021781985,27758914
2019-10-07,691.427734375,699.065006960424,659.0117448203756,674.4984364519297,41054131
2019-10-14,651.5866088867188,676.3229065501134,644.9252308382512,667.6249017920975,59577718
2019-10-21,550.6048583984375,651.5865654413408,521.9650885438326,651.5865654413408,195830470
2019-10-28,591.090087890625,597.5775465179456,547.7400354248795,547.7400354248795,76708651
2019-11-04,608.4901733398438,629.4133115934471,582.7121537523988,585.8484480015622,85971743
2019-11-11,604.8382568359375,612.6146151982521,590.9610693438777,600.5419204539392,34827709
2019-11-18,595.6441040039062,619.918405275968,588.684007393104,605.7834476744611,44237771
2019-11-25,598.3507690429688,607.7168036798674,589.4573733819569,595.7729671185579,47549314
2019-12-02,614.4620361328125,618.6724669555772,591.6484994029286,604.1508283502195,32091153
2019-12-09,611.1968994140625,620.9925688850251,601.1005073272324,615.2354667378987,38351812
2019-12-16,628.5969848632812,633.5377718542952,610.2516489270266,612.0560892846696,43350561
2019-12-23,633.2369995117188,633.7095860020081,624.3005992868424,629.1125272715874,15087267
2019-12-30,641.013427734375,642.7319623931803,623.3554946042537,632.5066601950825,27949854
2020-01-06,634.2681884765625,647.7156904663414,608.6190276997286,641.0993216628885,45920800
2020-01-13,659.7885131835938,668.0804653393272,648.7469470497647,653.0432844474452,63917429
2020-01-20,672.5914916992188,675.8137441346989,653.687610744402,663.0106401461852,38138496
2020-01-27,669.7988891601562,681.2271342526183,660.9913989563184,669.4122083694211,30751146
2020-02-03,667.908447265625,679.6374666335793,656.9098365540837,671.947013976839,28693431
2020-02-10,675.7708129882812,686.7264716212071,660.9484513084404,665.0729240693797,20798434
2020-02-17,684.8360595703125,692.6553712672503,673.0640867021463,679.0789579907187,16562736
2020-02-24,628.7260131835938,697.3814520118783,620.4340611872049,687.499876187105,41732143
2020-03-02,634.9556274414062,664.686257179147,626.4918124610296,633.2800455969242,45632869
2020-03-09,551.9503173828125,623.6991353996958,489.7823505344128,622.5391455476878,57342350
2020-03-16,502.84326171875,534.5932006646808,437.5818962554641,534.4642895844843,88529107
2020-03-23,560.8438110351562,579.9195567351105,443.29604779252986,464.00436999367014,83851891
2020-03-30,503.27294921875,570.1239454449715,500.2225603011783,537.1280548283497,53105804
2020-04-06,546.7088012695312,563.3786073080565,503.2728512019739,503.2728512019739,38883615
2020-04-13,540.2643432617188,561.3593460959954,518.5678427967352,540.4791600980058,46955330
2020-04-20,565.39794921875,587.438179007689,539.4480632487854,549.9311360182371,55021445
2020-04-27,614.8057861328125,618.6724891902516,561.1445298799158,568.0186686486963,39372754
2020-05-04,579.3180541992188,602.5182725026497,569.2216629005035,592.7226037963277,36629912
2020-05-11,560.5001220703125,601.4012823277955,555.6882455437949,586.4500083884744,49156941
2020-05-18,594.9137573242188,597.9211931934447,561.1016064584163,566.9875671099791,41213242
2020-05-25,593.7537841796875,610.07986507609,579.9625526484097,594.9137742125394,53604461
2020-06-01,612.7665405273438,620.0391197930119,602.2714378887136,608.5859251261586,49215413
2020-06-08,602.7506103515625,635.4552970940417,588.3361671473426,616.3376803042087,46681214
2020-06-15,614.5086059570312,624.1327469987457,596.8280483559696,603.578018986774,54390077
2020-06-22,651.6552124023438,654.6164578202712,602.7941048326444,615.8585635690209,71158066
2020-06-29,664.2842407226562,666.6793916768318,630.7956649314821,640.5069346094535,49903514
2020-07-06,680.9631958007812,694.114784360342,663.2390993088901,666.4616768054408,48710751
2020-07-13,786.6110229492188,832.2059592652939,680.5275834164407,686.3195142868149,171942096
2020-07-20,803.7689819335938,827.1543936156104,784.4336266489343,791.2706717286683,76913925
2020-07-27,841.35107421875,859.1622954797979,800.1109574242778,802.6367206789753,68995709
2020-08-03,828.1995849609375,848.6672363931423,817.2254080420626,836.125335102833,48214577
2020-08-10,830.5512084960938,843.52859272486,820.622251277587,826.4577204239334,29189063
2020-08-17,826.37060546875,846.9689246570341,824.4109365330139,830.9867038854885,33942989
2020-08-24,814.569091796875,836.9528775254503,812.6529603395925,824.8029189325214,30933983
2020-08-31,800.5464477539062,827.8511433159749,794.4061100550144,814.5689445410474,42872536
2020-09-07,823.6705932617188,831.0302490487492,795.2335998896037,800.3287707388182,36965083
2020-09-14,872.8365478515625,889.2541971223247,825.9351070283514,833.5125040607882,72064915
2020-09-21,880.9364013671875,903.189517220338,844.8349389621291,871.8348184547332,67991113
2020-09-28,886.3363647460938,895.3508191419776,869.6573861023975,883.8540859296726,30875164
2020-10-05,963.9828491210938,978.9633850841732,886.6847528778521,886.6847528778521,64637816
2020-10-12,982.01171875,1032.963102827051,951.5279846868071,978.0923815133037,111460871
2020-10-19,977.656982421875,1008.576201019627,966.7699336198497,988.5440312239003,63503529
2020-10-26,933.667724609375,994.4098276463432,926.4050818549549,987.9394946846008,39826241
2020-11-02,979.5762939453125,988.5995759160512,925.3045325998482,937.5410047645544,48466608
2020-11-09,997.7988891601562,1008.8469506706463,948.9851769833829,994.1456462936003,54978321
2020-11-16,971.301513671875,1007.9668806479026,960.5175885295721,989.6561729320866,40809333
2020-11-23,968.3524169921875,1016.6820272960852,960.4295335804331,972.7540188876065,64288891
2020-11-30,998.8554077148438,1010.1234426025152,968.3522891155112,968.3522891155112,42452126
2020-12-07,1023.9885864257812,1038.3378510912135,1000.0439159301555,1009.9915788529373,50202608
2020-12-14,1047.4051513671875,1051.9827740102896,1010.7837403784671,1029.4465954902141,44076346
2020-12-21,1088.119873046875,1108.1911099945291,1014.172973062854,1045.8204426311527,44952434
2020-12-28,1109.5997314453125,1114.0453921542232,1087.1956217388113,1090.2326839325565,28363866
2021-01-04,1155.068359375,1159.2059296743757,1105.2422469162152,1117.1265721518732,46656618
2021-01-11,1183.9866943359375,1226.1101048749779,1160.6582073743489,1181.4778030794323,85821629
2021-01-18,1180.37744140625,1198.1599757717465,1149.6983007386125,1177.868550067583,38462359
2021-01-25,1090.7611083984375,1186.5839689290128,1083.6744857146066,1184.031018104099,31520485
2021-02-01,1119.85546875,1147.9377087303064,1092.4775280171093,1100.884630141358,34465458
2021-02-08,1153.0435791015625,1172.5866468988195,1122.8485496392225,1131.6517526940183,31310270
2021-02-15,1136.7578125,1169.417678910713,1122.408546528611,1162.022965817856,27662922
2021-02-22,1103.305419921875,1151.943114069961,1095.7786387480553,1140.0147316157716,42442112
2021-03-01,1159.11767578125,1200.6247986935095,1108.3232383427808,1112.1086585510568,43802236
2021-03-08,1210.308349609375,1225.1417252536396,1159.557862543477,1166.2483828289983,29025610
2021-03-15,1183.546630859375,1237.7303904379748,1156.300759488108,1206.0388583926215,47367017
2021-03-22,1176.2838134765625,1217.7029220547865,1168.7130812151522,1188.5202858030666,31834461
2021-03-29,1219.4197998046875,1232.448584973084,1176.2401477863307,1176.2840993306295,24442523
2021-04-05,1268.5855712890625,1280.8659961023566,1221.0042175903563,1224.5254986792977,32859523
2021-04-12,1191.733642578125,1300.7173420361426,1162.0228315443214,1297.5921618911589,71462107
2021-04-19,1174.1712646484375,1214.5778806397566,1171.7063248124512,1179.6292075497254,35007502
2021-04-26,1192.26171875,1209.4720227612527,1162.9030596669531,1172.8066625596505,29370989
2021-05-03,1190.67724609375,1208.7238119609947,1165.6320694745757,1180.333482730817,23188710
2021-05-10,1158.8536376953125,1190.98532790453,1154.3640257610134,1188.3003080670424,23682843
2021-05-17,1192.3939208984375,1195.0348819635503,1162.2870077405437,1162.2870077405437,24532982
2021-05-24,1236.8941650390625,1246.7537100885565,1184.1188949703755,1194.2866381147137,34801438
2021-05-31,1219.8160400390625,1233.7690975307114,1201.637401448035,1233.7690975307114,27803478
2021-06-07,1287.48046875,1291.6625789412817,1225.5490238122895,1237.7395133132907,27546926
2021-06-14,1337.666259765625,1348.7890081884066,1293.3086521591006,1308.9250343929218,41409033
2021-06-21,1400.75439453125,1404.1357534821677,1320.6706063098336,1328.5010646063856,37977100
2021-06-28,1395.0595703125,1415.7033468816478,1372.6360454660967,1399.5976297128936,26971848
2021-07-05,1390.6995849609375,1411.9217684855214,1374.4603713010285,1396.2609595020024,19708439
2021-07-12,1384.0701904296875,1420.9087525649686,1364.7611438556437,1397.5065565582454,30989806
2021-07-19,1415.214111328125,1422.3772054512997,1368.1427223607493,1374.5048481755464,22773395
2021-07-26,1433.0548095703125,1444.5335068880067,1410.8093142339214,1418.4617429055234,26061487
2021-08-02,1468.380615234375,1494.8083289116778,1440.7962009699459,1448.137214443544,26982839
2021-08-09,1523.549560546875,1532.7147487919517,1464.9994774054358,1477.9908259758674,28037002
2021-08-16,1542.0133056640625,1562.0787872510114,1500.7257504480613,1519.5453538679428,26967561
2021-08-23,1520.5240478515625,1563.413316793454,1517.3206098222295,1544.5046469119168,31946005
2021-08-30,1513.27197265625,1529.2887280831624,1479.458822310546,1515.4075617706198,38786268
2021-09-06,1505.2191162109375,1543.7483560842031,1496.8103627488554,1517.2762176628457,16312937
2021-09-13,1504.9522705078125,1529.8226904583357,1490.626084837825,1497.5667227229194,24371317
2021-09-20,1569.508544921875,1590.997713616821,1493.0730066431263,1499.3462793312883,26993393
2021-09-27,1481.68359375,1574.0913664917784,1472.651900250929,1573.868911521952,32043019
2021-10-04,1533.915771484375,1540.7229143721906,1479.7702608148734,1488.2235485345013,21806646
2021-10-11,1526.7083740234375,1587.0826277925394,1478.880558138979,1496.6769547471497,43039880
2021-10-18,1530.3121337890625,1644.386988574168,1518.9223969134766,1548.2864502808725,45787922
2021-10-25,1483.9969482421875,1543.0810037623046,1478.035199123654,1532.3142060747998,28072240
2021-11-01,1533.9097900390625,1541.764715448077,1504.5548554866632,1505.9014141282084,11122698
2021-11-08,1598.0958251953125,1600.474767487717,1528.7929811008382,1553.0310377595126,23842763
2021-11-15,1597.377685546875,1623.9048255743219,1579.0644657331543,1599.80144731761,19447723
2021-11-22,1518.60400390625,1602.76392073983,1511.7365327759849,1601.5071107318033,31361501
2021-11-29,1558.01318359375,1603.8859233041183,1498.4055027332015,1518.020350514214,36258589
2021-12-06,1579.288818359375,1588.4005535096967,1518.4692546567474,1553.0309255431114,15128380
2021-12-13,1634.5875244140625,1653.5740233084343,1535.3910371309019,1586.2910198849554,35230151
2021-12-20,1672.8746337890625,1683.871529020571,1604.4695007537016,1617.396375644981,23177183
2021-12-27,1694.64404296875,1714.4384987461317,1656.312050973796,1669.7327082091776,18429459
2022-01-03,1628.70751953125,1718.2536644361014,1615.8702839973178,1694.643960342187,25530928
2022-01-10,1731.988525390625,1735.2651732163426,1627.5404857947383,1629.3358972517651,40328518
2022-01-17,1603.033203125,1754.0273844253563,1594.3255006988436,1740.2476223128763,28486770
2022-01-24,1513.71142578125,1587.727332279446,1494.6801072875153,1584.4506843017805,38484601
2022-01-31,1562.9954833984375,1609.4069371357298,1535.2115338427761,1542.2585021717944,26695523
2022-02-07,1545.2657470703125,1592.440227340272,1521.9703270495258,1546.0287750294283,26116855
2022-02-14,1532.3387451171875,1575.8774728269025,1506.5746346150352,1517.122676895224,27020359
2022-02-21,1521.2520751953125,1578.3910655889865,1499.6173894875028,1526.9974136595285,42807876
2022-02-28,1547.016357421875,1558.4171765738909,1494.6800685458113,1510.120563558762,38266677
2022-03-07,1635.6197509765625,1656.0425552217418,1522.5088351571076,1523.4065408382144,42226442
2022-03-14,1664.8848876953125,1726.5573320122294,1642.8013504744295,1644.1928380745087,40395605
2022-03-21,1684.58984375,1705.6410006883632,1650.8809475083683,1670.63047488476,27487182
2022-03-28,1708.8277587890625,1722.697268262002,1663.1345159477,1675.1188653344948,27292842
2022-04-04,1628.9769287109375,1699.357085604549,1622.648168547767,1696.4395417438968,29172541
2022-04-11,1569.683349609375,1628.4381439923507,1551.0110271680176,1628.4381439923507,20962284
2022-04-18,1423.267578125,1481.2145297746242,1391.4439522125258,1441.2666227594905,74148394
2022-04-25,1407.1988525390625,1437.9452779788717,1391.7582461302984,1411.911808263413,40241933
2022-05-02,1385.025390625,1426.8136400219003,1373.624570641797,1392.2519662474872,25609928
2022-05-09,1350.5086669921875,1424.479648995396,1344.8530764532477,1382.4669724915805,34649567
2022-05-16,1306.2967529296875,1391.1747794157905,1272.632781921208,1355.5358992747758,46305883
2022-05-23,1311.8621826171875,1335.7860610711598,1256.1146814205783,1306.2515220784142,42535753
2022-05-30,1366.038818359375,1395.9324641582396,1321.5126343453132,1334.8884721564643,52278125
2022-06-06,1339.77197265625,1394.023234294946,1336.868825108461,1375.3346718525606,27104580
2022-06-13,1258.5765380859375,1314.4608322475478,1240.2961754557912,1309.6525594363254,34063709
2022-06-20,1307.3843994140625,1331.334840499222,1253.7681428074445,1261.071250454874,29487968
2022-06-27,1342.130859375,1350.1596718277417,1308.5185753051305,1331.8340145489544,27800125
2022-07-04,1373.9283447265625,1376.1963766672407,1326.3450789086319,1342.901712075583,24365109
2022-07-11,1297.6318359375,1360.728531914589,1279.7597876672385,1356.2831669444154,26454643
2022-07-18,1366.53466796875,1397.1076946516139,1313.689523024947,1315.4585436654804,26361806
2022-07-25,1405.90771484375,1411.35099196503,1310.9225733749179,1342.765722385654,33291490
2022-08-01,1466.6456298828125,1474.8558394703302,1386.5386934547219,1418.8808526867738,26134019
2022-08-08,1446.18798828125,1479.9816670896796,1440.7447111577446,1466.9631847847138,15211614
2022-08-15,1448.9095458984375,1462.4270388153946,1427.9529522924508,1446.1879074887315,16447344
2022-08-22,1380.36962890625,1450.6332133609767,1373.293325031381,1438.8394473986923,19800779
2022-08-29,1318.18017578125,1357.2810246415656,1313.6441118590847,1332.2873788766835,28121182
2022-09-05,1371.3883056640625,1378.9635106957787,1304.6174630843861,1316.365825012878,19576753
2022-09-12,1249.2774658203125,1408.9015181910067,1241.3846477911488,1384.2253736315888,58022319
2022-09-19,1238.753662109375,1282.3906859844435,1233.809396692189,1262.8402060261228,41326790
2022-09-26,1282.2999267578125,1287.6072103937954,1229.273381286887,1233.809445424477,39238034
2022-10-03,1316.54736328125,1324.3494830953762,1257.3971243826877,1280.9846606265187,21749648
2022-10-10,1337.45849609375,1355.37594923796,1282.3907223733497,1294.0029799901813,43393120
2022-10-17,1361.272705078125,1370.7530338349877,1337.4129659165465,1339.862506740473,20709995
2022-10-24,1372.8399658203125,1392.481147896381,1367.1698850098865,1377.60283370107,14711296
2022-10-31,1388.5308837890625,1444.47565519668,1376.7458190882635,1403.4342040410918,19707643
2022-11-07,1439.981689453125,1443.0999449630117,1361.9341711281043,1395.3176304408378,18883208
2022-11-14,1461.350830078125,1475.657995210805,1438.468434142184,1444.6132549304573,19499703
2022-11-21,1500.099609375,1507.757601566357,1432.553146987013,1450.987387243093,19561630
2022-11-28,1502.162841796875,1533.9871146374617,1479.463940899201,1493.083259047002,28516881
2022-12-05,1439.248046875,1508.5369534858987,1431.7275351622377,1502.2546533033658,26632946
2022-12-12,1396.05126953125,1456.856860324517,1386.7425160776045,1421.5474557777784,35223085
2022-12-19,1373.0313720703125,1403.1589839778494,1359.5954336225604,1382.9821817080312,32441822
2022-12-26,1383.21142578125,1403.5717201426937,1372.3434890643964,1376.1495899612585,23690684
2023-01-02,1328.4591064453125,1405.635403470136,1326.6248515520501,1388.5309541996571,31723978
2023-01-09,1379.03857421875,1393.4833301069489,1328.1837950462964,1328.1837950462964,43032244
2023-01-16,1399.1239013671875,1423.2442874268438,1377.8006870080287,1384.8625239711662,30500518
2023-01-23,1393.2540283203125,1438.78942338294,1382.47778201832,1407.7904743453873,20424394
2023-01-30,1466.853515625,1471.668434244157,1387.6136896732135,1402.104346680095,36564072
2023-02-06,1475.2452392578125,1485.5170207658023,1426.2247153729857,1465.569500962341,28581861
2023-02-13,1452.54638671875,1480.6562513040162,1436.221474601314,1464.6524233322466,19658705
2023-02-20,1422.1436767578125,1470.1552754975723,1416.9618843691512,1453.6010805458216,16355088
2023-02-27,1356.70654296875,1412.3761287150658,1345.7010146930481,1412.3761287150658,28984636
2023-03-06,1349.5987548828125,1394.4004021521928,1336.8506627217619,1370.692683279624,19503058
2023-03-13,1302.962890625,1355.789519978062,1282.7860872330484,1342.8579336954494,40170504
2023-03-20,1266.23193359375,1302.0456904408004,1256.4645046521816,1302.0456904408004,40281916
2023-03-27,1309.6119384765625,1311.4461931539086,1251.4661547679082,1271.367773235505,28329500
2023-04-03,1304.0634765625,1316.0778231495754,1283.9783640483663,1316.0778231495754,19697563
2023-04-10,1274.0732421875,1315.1605913574006,1268.3870975225138,1305.9434169083297,29034450
2023-04-17,1125.636474609375,1164.706085796769,1087.0713283554308,1146.6846190263984,94222420
2023-04-24,1148.931396484375,1154.6634429645405,1114.3098357441754,1126.2324924229197,38941523
2023-05-01,1154.755126953125,1173.69383081002,1148.9313901521803,1148.9313901521803,24315376
2023-05-08,1142.007080078125,1170.6215242948965,1136.366835704728,1157.8275289247604,31927146
2023-05-15,1163.742919921875,1168.3743458793629,1139.4848342770076,1146.3175002252162,39279714
2023-05-22,1208.26953125,1213.7722960275548,1164.981159781516,1167.4573591498013,29741782
2023-05-29,1191.3485107421875,1222.255659811239,1188.6430296525991,1222.255659811239,43682018
2023-06-05,1176.6427001953125,1217.0739648050355,1174.83030957908,1212.0084839328483,30782246
2023-06-12,1200.5296630859375,1214.5178821534214,1183.1953177887153,1183.660044936315,27787598
2023-06-19,1175.759765625,1212.9379400321147,1174.2261432389498,1202.713942070158,26418570
2023-06-26,1241.286376953125,1244.446544670447,1173.203840740608,1180.639476094876,25127318
2023-07-03,1236.360107421875,1262.1524651427812,1231.8522766020494,1236.1742619389304,31204667
2023-07-10,1325.35546875,1329.1198044888868,1226.2292468256057,1242.2623353762583,40980238
2023-07-17,1237.661376953125,1393.0662107392864,1212.9379141908757,1325.3553712758585,95896449
2023-07-24,1245.93359375,1267.6363307852569,1230.829960107003,1246.3983209390153,36505252
2023-07-31,1281.1134033203125,1288.13082917061,1239.1950340846604,1253.601576764812,33602063
2023-08-07,1275.0718994140625,1298.3082576548654,1270.6105867070967,1289.98968678817,21638340
2023-08-14,1290.8262939453125,1319.825225344004,1269.2628841601945,1275.0719740604761,22791897
2023-08-21,1319.918212890625,1324.519080392795,1289.2927348163296,1291.7092936417278,17961696
2023-08-28,1341.9927978515625,1343.991147630047,1311.832046042415,1319.9182544516914,22653663
2023-09-04,1365.9261474609375,1378.2879362188612,1333.4881665912208,1341.202683403878,22719221
2023-09-11,1404.9632568359375,1411.2835921776357,1361.185977023227,1365.9261718001057,30882102
2023-09-18,1390.6031494140625,1400.641188325793,1371.8746215567446,1398.7358749822342,20396061
2023-09-25,1334.185302734375,1384.7476459093361,1316.1074596363055,1384.7476459093361,23961547
2023-10-02,1374.3841552734375,1379.7750360960613,1318.1521649172155,1334.1852530766341,19675566
2023-10-09,1330.1885986328125,1411.1440487876941,1301.2360733099106,1361.557682542962,45531733
2023-10-16,1326.563720703125,1351.426624559358,1324.7048120035936,1331.0715516077323,23763659
2023-10-23,1282.972412109375,1331.3040429346433,1257.6447786480567,1325.0302254717478,20569307
2023-10-30,1307.76953125,1310.54686548969,1272.557976102667,1299.578544384282,16317068
2023-11-06,1288.75146484375,1324.9045046920178,1281.3608320382564,1312.3357054087796,17000925
2023-11-13,1353.431640625,1368.354153047179,1290.6345299215698,1299.1078938754401,23589110
2023-11-20,1353.2904052734375,1382.0056944481857,1349.75983693228,1357.6212127864533,16646254
2023-11-27,1367.318603515625,1375.2269849493318,1343.5461091425595,1353.2904551377303,21241205
2023-12-04,1403.895263671875,1407.237466186765,1357.6212567949526,1374.9916076255813,26652051
2023-12-11,1486.0396728515625,1495.5957668241965,1349.2890018283426,1402.812391219259,49400017
2023-12-18,1471.4466552734375,1499.7853255068994,1432.2337893454933,1476.201084681003,29341429
2023-12-25,1452.616943359375,1478.1311588482936,1433.8813725643001,1471.446639650436,21195159
2024-01-01,1442.87255859375,1465.891815701752,1400.9293652949307,1448.9450895086682,31706568
2024-01-08,1518.3797607421875,1523.3225564289937,1399.6114185394622,1439.4832807608934,50999544
2024-01-15,1562.111572265625,1568.0429726211407,1525.4407843827098,1548.6954135386054,39837298
2024-01-22,1571.432373046875,1582.2124437614616,1541.869725152522,1562.1116498512793,27266240
2024-01-29,1594.2633056640625,1617.941672001784,1542.2462690751195,1567.7134795660747,29632001
2024-02-05,1571.667724609375,1631.5932588024482,1562.6766131725003,1595.5814629864103,26461996
2024-02-12,1602.07763671875,1608.997527029752,1539.7983940650436,1572.6091164376712,19735913
2024-02-19,1578.7288818359375,1611.3513555785191,1548.1777437645044,1605.231703921341,22912239
2024-02-26,1557.8748779296875,1589.0381172584684,1548.7425211920768,1576.9399454398028,25332455
2024-03-04,1521.8631591796875,1567.0544325548183,1483.7801424834606,1560.840655451208,21810778
2024-03-11,1538.3863525390625,1560.7466192910838,1495.0780464088318,1514.0489904491762,37669910
2024-03-18,1420.5594482421875,1537.1153231808755,1410.5326112138532,1534.620365245772,42324761
2024-03-25,1410.3914794921875,1423.3368966751368,1394.8569788726484,1420.5594473049277,27708013
2024-04-01,1392.5501708984375,1440.424650893833,1382.0997124072578,1435.7643470170765,38855047
2024-04-08,1397.86962890625,1425.2198097279907,1387.8427922835674,1396.222030421262,35054328
2024-04-15,1328.67041015625,1404.6481867536809,1298.0721544750609,1393.3974894818423,67416331
2024-04-22,1346.5587158203125,1362.187341450551,1330.3652222617234,1336.814370542374,32135316
2024-04-29,1333.4249267578125,1355.5498188700003,1321.0913843193591,1346.276101936424,30911244
2024-05-06,1341.521728515625,1365.105854045519,1330.3180362931507,1336.9084299619774,33626953
2024-05-13,1359.174560546875,1371.7433596972735,1328.6233096946712,1341.6158459633593,28637010
2024-05-20,1379.3692626953125,1391.6556844618472,1344.4402020013333,1359.786449157577,27845314
2024-05-27,1324.5750732421875,1393.0209766305927,1318.0788047191727,1385.7244689616116,66187365
2024-06-03,1472.7496337890625,1478.6075738994743,1304.453221797453,1382.8635279196444,70295034
2024-06-10,1429.8233642578125,1469.1005551685694,1423.9173608634994,1464.7791064254327,32773272
2024-06-17,1471.885498046875,1495.94161129154,1429.8234643389414,1429.8234643389414,36143346
2024-06-24,1504.5843505859375,1525.4713521019703,1455.271844015284,1464.0588129260086,37922816
2024-07-01,1582.0823974609375,1599.7523453204356,1497.6221262960407,1497.6221262960407,39638242
2024-07-08,1643.8310546875,1651.5136300854847,1572.5752147619125,1577.904931108186,46860480
2024-07-15,1721.8092041015625,1770.8336868455729,1632.547325183012,1657.7077135392296,54896523
2024-07-22,1804.3489990234375,1808.2862957121283,1712.4941778165974,1728.7236427901234,38762673
2024-07-29,1748.9383544921875,1827.4927398592558,1744.0887987976403,1818.4656897430189,27237357
2024-08-05,1700.4901123046875,1726.5628769891118,1650.3613528352193,1714.1266372590758,34007629
2024-08-12,1785.1904296875,1787.9753867685558,1697.9452045801117,1702.6988685357414,23278622
2024-08-19,1788.2154541015625,1818.5136580819149,1775.8272776781912,1786.1988014807343,17739446
2024-08-26,1866.5777587890625,1873.5881560329565,1790.040144974593,1795.8020767717217,34768842
2024-09-02,1826.3883056640625,1897.3561223219194,1821.5866958391305,1866.241667210999,24976287
2024-09-09,1866.9619140625,1880.886582594913,1814.0481970846915,1815.0085190524442,29393377
2024-09-16,1830.1336669921875,1880.7425899298723,1793.305341425795,1868.546547317355,33968320
2024-09-23,1831.093994140625,1896.2518191297418,1797.1466345033218,1833.2547186649815,39044363
2024-09-30,1842.0416259765625,1876.5651542030093,1796.2822602688072,1805.4053190619395,28521397
2024-10-07,1858.3189697265625,1898.556482611178,1830.7097138464048,1846.8911151516763,26098679
2024-10-14,1805.0211181640625,1912.4331050874052,1795.0818094027522,1855.4860836500027,30905613
2024-10-21,1788.1676025390625,1823.459435556477,1765.071811864155,1816.064885921507,20687346
2024-10-28,1690.98291015625,1807.2299310154947,1677.2023133913808,1785.9107130371067,25327109
2024-11-04,1777.3504638671875,1787.694367437014,1668.618365747334,1674.9315318575539,29681021
2024-11-11,1810.9559326171875,1826.9330508955052,1770.1631691203181,1776.427724661286,17385610
2024-11-18,1847.572265625,1859.0331371970146,1743.4050292006177,1796.0470723513001,21247003
2024-11-25,1804.448486328125,1885.5969973067918,1791.9678666332622,1860.9270636690137,37775412
2024-12-02,1867.1431884765625,1893.8527374939454,1782.4495655463231,1805.5655135750835,24912997
2024-12-09,1942.22119140625,1948.7771714843159,1842.6674198504343,1868.8913401626978,27300001
2024-12-16,1866.9002685546875,1942.1240194616425,1856.3135514684034,1938.0932822170387,28374678
2024-12-23,1861.655517578125,1886.179739213105,1787.11159637081,1874.5732738243426,12703158
2024-12-30,1883.023193359375,1906.2362431561694,1792.0165234569731,1860.6356877235658,26542134
2025-01-06,1910.4124755859375,1920.9507009797642,1834.4602825878621,1895.8922417532797,31811701
2025-01-13,1763.2672119140625,1925.8070494443705,1759.9164250856263,1899.777333039451,38525285
2025-01-20,1821.5426025390625,1840.4336089404926,1741.511177296063,1770.551646169608,30670531
2025-01-27,1798.1353759765625,1842.9102689065148,1759.916463249111,1795.6101332405044,34654949
2025-02-03,1848.9320068359375,1868.6970480549771,1779.7299981696603,1783.2264970004876,26046274
2025-02-10,1803.040283203125,1850.243317350785,1775.7964955938853,1850.243317350785,24404987
2025-02-17,1762.8302001953125,1808.1393307060332,1753.6518755032175,1785.7033336885868,19003526
2025-02-24,1639.189208984375,1756.031389220519,1634.0901134127998,1748.3099490653294,30626929
2025-03-03,1637.5380859375,1683.1385207992148,1621.9979854778321,1643.6570479181173,41075302
2025-03-10,1534.439208984375,1669.5895439475926,1518.8506168401234,1637.5380867339388,42923111
2025-03-17,1546.7742919921875,1584.9932042779496,1500.7367189454728,1500.7367189454728,32174527
2025-03-24,1525.5037841796875,1590.6750604561444,1515.1598805138667,1552.0190109517418,41624788
2025-03-31,1409.9241943359375,1525.503690980591,1406.3790852223406,1525.503690980591,38923969
2025-04-07,1368.937255859375,1414.6349159126967,1269.4320872625433,1313.1386243144289,55634547
2025-04-14,1378.6982421875,1406.0876209197559,1338.6825322481727,1368.937069483566,36465497
2025-04-21,1437.653564453125,1458.535575435,1369.471417881116,1369.471417881116,51629621
2025-04-28,1463.586181640625,1479.4175886205041,1423.1819421836378,1437.653566594545,29049489
2025-05-05,1464.2659912109375,1479.223362117345,1451.1540310083215,1471.453311626906,27147884
2025-05-12,1544.200439453125,1585.0903066161434,1487.9646750832915,1492.820956659934,44817042
2025-05-19,1519.8218994140625,1541.5779455953386,1495.7346958485018,1531.1855506527033,31354516
2025-05-26,1517.7822265625,1562.6543403552298,1510.4007021323016,1521.5701499795225,36326778
2025-06-02,1540.2210693359375,1545.2441474823067,1512.4461968405808,1536.4783176497679,26684778
2025-06-09,1577.844970703125,1609.9534023656195,1546.5244044661895,1554.2068438012057,39544426
2025-06-16,1598.429931640625,1622.560520546947,1573.0188960473797,1575.8751938822384,33194213
2025-06-23,1583.7545166015625,1605.0288069577266,1551.646084651731,1576.8600628601378,39272702
2025-06-30,1615.96142578125,1624.136326212478,1570.0640860906885,1590.648979280262,28798051
2025-07-07,1570.85205078125,1621.3784749576137,1539.433016356687,1615.2720069257623,29187966
2025-07-14,1562.1846923828125,1587.6941951220977,1536.2813170444035,1567.7988196771003,35548371
2025-07-21,1492.84619140625,1567.8973181391673,1488.512630894258,1556.1767225750918,45212351
2025-07-28,1447.4412841796875,1504.0742967157341,1443.4031282013243,1491.0733749732644,34783739
2025-08-04,1401.6424560546875,1460.4423708332479,1392.8766263219331,1439.4634844122531,49330502
2025-08-11,1425.8714599609375,1447.835267553816,1392.6796383136707,1398.4907018688464,39744962
2025-08-18,1465.0714111328125,1485.262311252626,1408.0444057728562,1442.615142419859,33762652
2025-08-25,1447.4412841796875,1515.794892051749,1445.5699084151588,1483.9818647439556,40301768
2025-09-01,1422.8182373046875,1489.9899870170198,1411.3931666312185,1454.4342081288476,25642514
2025-09-08,1502.596923828125,1519.6361218926327,1406.7640888945516,1429.1217693794426,45025903
2025-09-15,1516.976806640625,1531.553700239623,1478.564848885419,1502.5969695782128,42206298
2025-09-22,1427.053466796875,1491.861260304015,1419.4694954878144,1460.3437572547848,48513297
2025-09-29,1424.7880859375,1442.9106740811205,1405.8776323622544,1437.98606427197,31197647
2025-10-06,1492.058349609375,1498.755747016607,1420.553037041747,1424.7881294691726,25625208
2025-10-13,1419.37109375,1491.5659256420777,1412.3781714796953,1474.42825851123,43411368
2025-10-20,1502.4000244140625,1522.6893933191993,1428.1368824791973,1431.781045742595,37703831
2025-10-27,1459.949951171875,1497.278399362861,1458.3739797638195,1487.232242900067,30797887
2025-11-03,1476.800048828125,1491.4000244140625,1449.0999755859375,1482.300048828125,30872441
2025-11-10,1502.800048828125,1559.199951171875,1488.800048828125,1490.0999755859375,67511619
2025-11-17,1545.0,1555.0,1483.199951171875,1496.0,42990485
2025-11-24,1560.0999755859375,1585.0,1525.9000244140625,1563.5999755859375,46958844
2025-12-01,1616.199951171875,1631.800048828125,1554.0999755859375,1562.5,47527425
2025-12-08,1598.199951171875,1630.0,1580.5,1617.0999755859375,29417383
2025-12-15,1638.699951171875,1654.9000244140625,1585.0,1585.0,34233760
2025-12-22,1656.0999755859375,1693.199951171875,1651.699951171875,1664.0,35969641
2025-12-29,1640.4000244140625,1673.0999755859375,1609.199951171875,1658.0,26180101
2026-01-05,1614.0999755859375,1644.300048828125,1583.0999755859375,1637.0,32467719
